{
  "intents": [
   	 {
      	 "tag": "greetings",
      	 "patterns": [ "hello", "hey", "hi", "good day", "greetings", "what's up?", "how is it going" ],
      	 "responses": [ "hello", "hey!", "what can i do for you?" ],
      	 "context": [ "" ]
    	},
    	{
      	 "context": [ "" ],
      	 "patterns": [ "cya", "see you later", "goodbye", "have a good day", "bye", "ciao", "see ya" ],
      	 "responses": [ "have a nice day", "goodbye" ],
      	 "tag": "goodbye"
    	},
    	{
      	 "context": [ "" ],
      	 "patterns": [ "how old", "how old are you?", "what is your age", "how old are you", "age?" ],
      	 "responses": [ "I get reborn after every compilation", "hey!", "my owners are averagely 20 years!" ],
      	 "tag": "age"
    	},
   	 {
      	 "context": [ "" ],
      	 "patterns": [ "what is your name", "what should i call you", "what's your name?", "who are you?", "can you tell me your name" ],
      	 "responses": [ "you can call me Medbot!", "i am Medbot!", "i am Medbot your medical assistant" ],
      	 "tag": "name"
    	},

   	 {
      	 "context": [ "" ],
      	 "patterns": [ "I want treatment", "please help", "treatment", "please give me treatment", "need treatment" ],
      	 "responses": [ "Please tell me what you need treatment for." ],
      	 "tag": "treatment"
    	},

        {"tag": "What is a coronavirus?",
         "patterns": ["What is a coronavirus"],
         "responses": ["Coronaviruses are a large family of viruses which may cause illness in animals or humans.  In humans, several coronaviruses are known to cause respiratory infections ranging from the common cold to more severe diseases such as Middle East Respiratory Syndrome (MERS) and Severe Acute Respiratory Syndrome (SARS). The most recently discovered coronavirus causes coronavirus disease COVID-19."],
         "context": [ "" ]
        },
 

        {"tag": "What is COVID-19?",
         "patterns": ["What is covid 19"],
         "responses": ["COVID-19 is the infectious disease caused by the most recently discovered coronavirus. This new virus and disease were unknown before the outbreak began in Wuhan, China, in December 2019."],
         "context": [ "" ]
        },
        {"tag": "What are the symptoms of COVID 19?",
         "patterns": ["symptoms of covid 19", "symptoms of coronavirus", "covid 19 symptoms", "coronavirus symptoms"],
         "responses": ["The most common symptoms of COVID-19 are fever, tiredness, and dry cough. Some patients may have aches and pains, nasal congestion, runny nose, sore throat or diarrhea. These symptoms are usually mild and begin gradually. Some people become infected but donâ€™t develop any symptoms and don't feel unwell. Most people (about 80%) recover from the disease without needing special treatment. Around 1 out of every 6 people who gets COVID-19 becomes seriously ill and develops difficulty breathing. Older people, and those with underlying medical problems like high blood pressure, heart problems or diabetes, are more likely to develop serious illness. People with fever, cough and difficulty breathing should seek medical attention."],
         "context": [ "" ]
        },
        {"tag": "How does COVID 19 spread?",
         "patterns": ["How does COVID 19 spread", "How does coronavirus spread"],
         "responses": ["People can catch COVID-19 from others who have the virus. The disease can spread from person to person through small droplets from the nose or mouth which are spread when a person with COVID-19 coughs or exhales. These droplets land on objects and surfaces around the person. Other people then catch COVID-19 by touching these objects or surfaces, then touching their eyes, nose or mouth. People can also catch COVID-19 if they breathe in droplets from a person with COVID-19 who coughs out or exhales droplets. This is why it is important to stay more than 1 meter (3 feet) away from a person who is sick.WHO is assessing ongoing research on the ways COVID-19 is spread and will continue to share updated findings."],
         "context": [ "" ]
        },
        {"tag": "What can I do to protect myself and prevent the spread of disease?",
         "patterns": ["What can I do to protect myself and prevent the spread of disease", "Protection measures for everyone", "prevent the spread of disease"],
         "responses": ["Stay aware of the latest information on the COVID-19 outbreak, available on the WHO website and through your national and local public health authority. Many countries around the world have seen cases of COVID-19 and several have seen outbreaks. Authorities in China and some other countries have succeeded in slowing or stopping their outbreaks. However, the situation is unpredictable so check regularly for the latest news.You can reduce your chances of being infected or spreading COVID-19 by taking some simple precautions:Regularly and thoroughly clean your hands with an alcohol-based hand rub or wash them with soap and water.Why? Washing your hands with soap and water or using alcohol-based hand rub kills viruses that may be on your hands.Maintain at least 1 metre (3 feet) distance between yourself and anyone who is coughing or sneezing.Why? When someone coughs or sneezes they spray small liquid droplets from their nose or mouth which may contain virus. If you are too close, you can breathe in the droplets, including the COVID-19 virus if the person coughing has the disease.Avoid touching eyes, nose and mouth.Why? Hands touch many surfaces and can pick up viruses. Once contaminated, hands can transfer the virus to your eyes, nose or mouth. From there, the virus can enter your body and can make you sick.Make sure you, and the people around you, follow good respiratory hygiene. This means covering your mouth and nose with your bent elbow or tissue when you cough or sneeze. Then dispose of the used tissue immediately.Why? Droplets spread virus. By following good respiratory hygiene you protect the people around you from viruses such as cold, flu and COVID 19.Stay home if you feel unwell. If you have a fever, cough and difficulty breathing, seek medical attention and call in advance. Follow the directions of your local health authority.Why? National and local authorities will have the most up to date information on the situation in your area. Calling in advance will allow your health care provider to quickly direct you to the right health facility. This will also protect you and help prevent spread of viruses and other infections.Keep up to date on the latest COVID-19 hotspots (cities or local areas where COVID-19 is spreading widely). If possible, avoid traveling to places  â€“ especially if you are an older person or have diabetes, heart or lung disease.Why? You have a higher chance of catching COVID 19 in one of these areas"],
         "context": [ "" ]
        },
        {"tag": "How likely am I to catch COVID-19?",
         "patterns": ["How likely am I to catch COVID 19", "How likely am I to catch coronavirus", "effected by coronavirus"],
         "responses": ["The risk depends on where you  are - and more specifically, whether there is a COVID-19 outbreak unfolding there.For most people in most locations the risk of catching COVID-19 is still low. However, there are now places around the world (cities or areas) where the disease is spreading. For people living in, or visiting, these areas the risk of catching COVID-19 is higher. Governments and health authorities are taking vigorous action every time a new case of COVID-19 is identified. Be sure to comply with any local restrictions on travel, movement or large gatherings. Cooperating with disease control efforts will reduce your risk of catching or spreading COVID-19.COVID-19 outbreaks can be contained and transmission stopped, as has been shown in China and some other countries. Unfortunately, new outbreaks can emerge rapidly. Itâ€™s important to be aware of the situation where you are or intend to go. WHO publishes daily updates on the COVID-19 situation worldwide."],
         "context": [ "" ]
        },
        {"tag": "Should I worry about COVID-19",
         "patterns": ["Should I worry about COVID 19", "Should I worry about coronavirus"],
         "responses": ["Illness due to COVID-19 infection is generally mild, especially for children and young adults. However, it can cause serious illness: about 1 in every 5 people who catch it need hospital care. It is therefore quite normal for people to worry about how the COVID-19 outbreak will affect them and their loved ones.We can channel our concerns into actions to protect ourselves, our loved ones and our communities. First and foremost among these actions is regular and thorough hand-washing and good respiratory hygiene. Secondly, keep informed and follow the advice of the local health authorities including any restrictions put in place on travel, movement and gatherings.,"],
         "context": [ "" ]
        },
        {"tag": "Are antibiotics effective in preventing or treating the COVID-19",
         "patterns": ["antibiotics effective in preventing treating the COVID 19", "antibiotics effective in preventing treating the coronavirus", "antibiotic effective in coronavirus"],
         "responses": ["No. Antibiotics do not work against viruses, they only work on bacterial infections. COVID-19 is caused by a virus, so antibiotics do not work. Antibiotics should not be used as a means of prevention or treatment of COVID-19. They should only be used as directed by a physician to treat a bacterial infection. "],
         "context": [ "" ]
        },
        {"tag": "Are there any medicines or therapies that can prevent or cure COVID-19",
         "patterns": ["Are there any medicines or therapies that can prevent or cure COVID 19", "Are there any medicines or therapies that can prevent or cure coronavirus"],
         "responses": ["While some western, traditional or home remedies may provide comfort and alleviate symptoms of COVID-19, there is no evidence that current medicine can prevent or cure the disease. WHO does not recommend self-medication with any medicines, including antibiotics, as a prevention or cure for COVID-19. However, there are several ongoing clinical trials that include both western and traditional medicines. WHO will continue to provide updated information as soon as clinical findings are available."],
         "context": [ "" ]
        },
        {"tag": "Is there a vaccine, drug or treatment for COVID-19",
         "patterns": ["Is there a vaccine, drug or treatment for COVID 19", "Is there a vaccine, drug or treatment for coronavirus"],
         "responses": ["Not yet. To date, there is no vaccine and no specific antiviral medicine to prevent or treat COVID-2019. However, those affected should receive care to relieve symptoms. People with serious illness should be hospitalized. Most patients recover thanks to supportive care.Possible vaccines and some specific drug treatments are under investigation. They are being tested through clinical trials. WHO is coordinating efforts to develop vaccines and medicines to prevent and treat COVID-19.The most effective ways to protect yourself and others against COVID-19 are to frequently clean your hands, cover your cough with the bend of elbow or tissue, and maintain a distance of at least 1 meter (3 feet) from people who are coughing or sneezing"],
         "context": [ "" ]
        },
{"tag": "Cuts",
         "patterns": ["What to do if Cuts?", "How to cure Cuts?", "Which medicine to apply for Cuts?", "what to apply on cuts?", "Cuts"],
         "responses": ["Wash the cut properly to prevent infection and stop the bleeding by applying pressure for 1-2minutes until bleeding stops. Apply Petroleum Jelly to make sure that the wound is moist for quick healing. Finally cover the cut with a sterile bandage. Pain relievers such as acetaminophen can be applied."],
         "context": [ "" ]
        },

        {"tag": "Abrasions",
         "patterns": ["how do you treat abrasions?", "Do Abrasions cause scars?", "Abrasions", "what to do if abrasions?", "Which medicine to apply for abrasions?", "How to cure abrasions?"],
         "responses": ["Begin with washed hands.Gently clean the area with cool to lukewarm water and mild soap. Remove dirt or other particles from the wound using sterilized tweezers.For a mild scrape that’s not bleeding, leave the wound uncovered.If the wound is bleeding, use a clean cloth or bandage, and apply gentle pressure to the area to stop any bleeding.Cover a wound that bled with a thin layer of topical antibiotic ointment, like Bacitracin, or a sterile moisture barrier ointment, like Aquaphor. Cover it with a clean bandage or gauze. Gently clean the wound and change the ointment and bandage once per day.Watch the area for signs of infection, like pain or redness and swelling. See your doctor if you suspect infection."],
         "context": [ "" ]
        },

        {"tag": "stings",
         "patterns": ["How do you treat Sting?", "Stings", "What to do if you get a sting?", "Which medicine to apply if sting?"],
         "responses": ["Remove any stingers immediately. Some experts recommend scraping out the stinger with a credit card. Applying ice to the site may provide some mild relief. Apply ice for 20 minutes once every hour as needed. Wrap the ice in a towel or keep a cloth between the ice and skin to keep from freezing the skin. Taking an antihistamine such as diphenhydramine (Benadryl) or a nonsedating one such as loratadine (Claritin) will help with itching and swelling. Take acetaminophen (Tylenol) or ibuprofen (Motrin)for pain relief as needed. Wash the sting site with soap and water. Placing hydrocortisone cream on the sting can help relieve redness, itching, and swelling."],
         "context": [ "" ]
        },

        {"tag": "Splinter",
         "patterns": ["How to remove Splinters", "How to cure Splinters?", "What to do if I have splinters?", "How do you bring a splinter to the surface?"],
         "responses": ["1. SOAK IT IN EPSOM SALTS. Dissolve a cup of the salts into a warm bath and soak whatever part of the body has the splinter. Failing that, you can also put some of the salts onto a bandage pad and leave it covered for a day; this will eventually help bring the splinter to the surface. 2. VINEGAR OR OIL. Another simple way to draw out that stubborn splinter is to soak the affected area in oil (olive or corn) or white vinegar. Just pour some in a bowl and soak the area for around 20 to 30 minutes,"],
         "context": [ "" ]
        },

        {"tag": "Sprains",
         "patterns": ["How do you treat a sprain?", "what to do if i get a sprain?", "Which cream to apply if i get a sprain?", "Which medicine to apply if I get a sprain?"],
         "responses": ["Use an ice pack or ice slush bath immediately for 15 to 20 minutes and repeat every two to three hours while you're awake. To help stop swelling, compress the ankle with an elastic bandage until the swelling stops. In most cases, pain relievers — such as ibuprofen (Advil, Motrin IB, others) or naproxen sodium (Aleve, others) or acetaminophen (Tylenol, others) are enough to manage the pain of a sprained ankle."],
         "context": [ "" ]
        },

        {"tag": "Strains",
         "patterns": ["How do you treat a strain?", "what to do if i get a strain?", "Which cream to apply if i get a strain?", "Which medicine to apply if I get a strain?", "How do you diagnose a strain?", "Is heat or ice better for a pulled muscle?"],
         "responses": ["Rest,Ice,Compression and Elevation can be used to cure strains. Avoid using your muscle for a few days, especially if movement causes an increase in pain and also Apply ice immediately after injuring your muscle. This will minimize swelling. Don’t put ice directly on your skin. Use an ice pack or wrap ice in a towel. To reduce swelling, wrap the affected area with an elastic bandage until swelling comes down."],
         "context": [ "" ]
        },

        {"tag": "Fever",
         "patterns": ["How do you treat a mild Fever?", "what to do if i get a mild fever?", "Which medicine to take if I get a mild fever?", "fever"],
         "responses": ["To treat a fever at home: 1)Drink plenty of fluids to stay hydrated. 2)Dress in lightweight clothing. 3)Use a light blanket if you feel chilled, until the chills end. 4)Take acetaminophen (Tylenol, others) or ibuprofen (Advil, Motrin IB, others). 5) Get medical help if the fever lasts more than five days in a row."],
         "context": [ "" ]
        },

        {"tag": "Nasal Congestion",
         "patterns": ["How do you treat nasal Congestion?", "what to do if i get a nasal congestion?", "Which medicine to take if I have a nasal congestion?", "what to do if i have a blocked nose?", "How do you treat a blocked nose?", "How long does nasal congestion last?"],
         "responses": ["When you’re stuffed up, focus on keeping your nasal passages and sinuses moist. To keep your nasal passages moist, you can: 1)Use a humidifier or vaporizer. 2)Drink lots of fluids. This will thin out your mucus, which could help prevent blocked sinuses. 3)Place a warm, wet towel on your face. It may relieve discomfort and open your nasal passages."],
         "context": [ "" ]
        },

        {"tag": "Cough",
         "patterns": ["How to cure cough?","How do you treat cough?", "what to do if i get a cough?", "Which medicine to take if I get cough?", "How do you get rid of cough?"],
         "responses": ["1) Honey:- Use honey to treat a cough, mix 2 teaspoons (tsp) with warm water or an herbal tea. Drink this mixture once or twice a day. Do not give honey to children under 1 year of age. 2) Ginger:- Brew up a soothing ginger tea by adding 20–40 grams (g) of fresh ginger slices to a cup of hot water. Allow to steep for a few minutes before drinking. Add honey or lemon juice to improve the taste and further soothe a cough. 3) Fluids:- Staying hydrated is vital for those with a cough or cold. Research indicates that drinking liquids at room temperature can alleviate a cough, runny nose, and sneezing."],
         "context": [ "" ]
        },

        {"tag": "Sore Throat",
         "patterns": ["How do you treat sore throat?", "what to do if i get a sore throat?", "Which medicine to take if I get a sore throat?", "How to cure sore throat?"],
         "responses": ["1) Make sure you get plenty of rest and drink a lot of fluids. 2)Inhale steam,Run hot water in a sink.Drape a towel over you to trap the steam, and have the person lean over the sink with the water running. Tell him to breathe deeply through his mouth and nose for 5 to 10 minutes. Repeat several times a day. 3)Have him sip chicken broth or warm tea with honey. Don’t give honey to a child under 12 months of age."],
         "context": [ "" ]
        },

        {"tag": "Gastrointestinal problems",
         "patterns": ["How do you treat gas problems?", "what to do if i have Gastrointestinal problems?", "Which medicine to take if I get gas problem?", "How to cure Gas problems?"],
         "responses": ["1) Replenish body fluids 2)Do not take antidiarrheal drugs or laxatives or pain medication, unless specified by a medical professional.3)Taking antacids may help, per recommendation of a healthcare professional. 4)If prone to frequent heartburns, seek medical help. 5)Taking meals that are not spicy regularly, can relieve ulcer pains. 6)Seek medical help, if conditions persist or continue to worsen"],
         "context": [ "" ]
        },

        {"tag": "Skin problems",
         "patterns": ["How do you treat Skin problems?", "what to do if i get a skin allergy?", "Which medicine to take if I get a skin allergy?", "How to cure skin allergy?"],
         "responses": ["1)Hydrocortisone cream. 2)Ointments like calamine lotion. 3)Antihistamines. 4)Cold compresses. 5)Oatmeal baths. 6)Talk to your doctor about what's best for your specific rash."],
         "context": [ "" ]
        },

        {"tag": "Abdonominal Pain",
         "patterns": ["How do you treat Abdonominal Pain?", "what to do if i get a Abdonominal Pain?", "Which medicine to take if I get a Abdonominal Pain?", "How to cure Abdonominal Pain?"],
         "responses": ["1)Provide clear fluids to sip, such as water, broth, or fruit juice diluted with water. 2)Serve bland foods, such as saltine crackers, plain bread, dry toast, rice, gelatin, or applesauce. 3)Avoid spicy or greasy foods and caffeinated or carbonated drinks until 48 hours after all symptoms have gone away. "],
         "context": [ "" ]
        },

        {"tag": "Bruises",
         "patterns": ["How do you treat Bruises?", "what to do if i get a Bruise?", "Which medicine to take if I get a Bruise?", "How to cure Bruises?"],
         "responses": ["1)Ice the bruise with an ice pack wrapped in a towel. 2)Leave it in place for 10 to 20 minutes. 3)Repeat several times a day for a day or two as needed. 4)Compress the bruised area if it is swelling, using an elastic bandage. "],
         "context": [ "" ]
        },

        {"tag": "Broken Toe",
         "patterns": ["How do you treat a Broken Toe?", "what to do if i get a Broken Toe?", "Which medicine to take if I get a Broken Toe?", "How to cure Broken Toe?"],
         "responses": ["1)To help decrease pain and swelling in a broken toe, elevate the foot, ice the injury, and stay off the foot. 2)Depending on the severity of the fracture, the toe may need to be put back into place (reduced), and some compound toe fractures may require surgery.3) Most broken toes heal without complications in six weeks."],
         "context": [ "" ]
        },

        {"tag": "Choking",
         "patterns": ["How do you treat Choking?", "what to do if i get a Choke?", "Which medicine to take if I get Choked?", "How to cure Choking?"],
         "responses": ["1)Encourage them to keep coughing to try to clear the blockage. 2)Ask them to try to spit out the object if it's in their mouth. 3)If coughing doesn't work, start back blows and Abdonominal thrusts"],
         "context": [ "" ]
        },

        {"tag": "Wound",
         "patterns": ["How do you treat a wound?", "what to do if i get a Wound?", "Which medicine to take if I get wounded?", "How to cure a wound?"],
         "responses": ["1)Rinse the cut or wound with water and apply pressure with sterile gauze, a bandage, or a clean cloth. 2)If blood soaks through the bandage, place another bandage on top of the first and keep applying pressure. 3)Raise the injured body part to slow bleeding. 4)When bleeding stops, cover the wound with a new, clean bandage."],
         "context": [ "" ]
        },

        {"tag": "Diarrhea",
         "patterns": ["How do you treat Diarrhea?", "what to do if i get Diarrhea?", "Which medicine to take if I get Diarrhea?", "How to cure Diarrhea?"],
         "responses": ["1)Hydrating the body is essential for recovering from diarrhea.This causes the body to lose electrolytes such as sodium and chloride. 2)It is highly recommended to avoid dairy products, as they may worsen diarrhea in some people. 3)However, if diarrhea lasts for more than 2 days, seek medical advice to avoid complications."],
         "context": [ "" ]
        },

        {"tag": "Frost bite",
         "patterns": ["How do you treat a Frost bite?", "what to do if i get a Frost bite?", "Which medicine to take if I get a Frost bite?", "How to cure Frost bite?"],
         "responses": ["1)Get out of the cold. Once you're in a warm space, remove wet clothes and wrap up in a warm blanket. 2) Gently rewarm frostbitten areas. Soak frostbitten fingers, toes or other extremities in warm water — 105 to 110 F (about 40 to 43 C). If a thermometer isn't available, test the water by placing an uninjured hand or elbow in it — it should feel very warm, not hot. Soak for 20 to 30 minutes or until the skin becomes its normal color or loses its numbness. For the face or ears, apply a warm, wet washcloth. "],
         "context": [ "" ]
        },

        {"tag": "Heat Exhaustion",
         "patterns": ["How do you treat Heat Exhaustion?", "what to do if i feel Exhausted due to heat?", "Which medicine to take if I get Exhausted?", "How to cure Heat Exhaustion?"],
         "responses": ["1)Move the person out of the heat and into a shady or air-conditioned place. Lay the person down and elevate the legs and feet slightly. Remove tight or heavy clothing. Have the person drink cool water or other nonalcoholic beverage without caffeine "],
         "context": [ "" ]
        },

        {"tag": "Heat Stroke",
         "patterns": ["How do you treat Heat Stroke?", "what to do if i get a Heat Stroke?", "Which medicine to take if I get Stroke?", "How to cure a Heat Stroke?"],
         "responses": ["1)Cool the person's entire body by sponging or spraying cold water, and fan the person to help lower the person's body temperature. Watch for signs of rapidly progressing heatstroke, such as seizure, unconsciousness for longer than a few seconds, and moderate to severe difficulty breathing. "],
         "context": [ "" ]
        },

        {"tag": "Insect Bites",
         "patterns": ["How do you treat a Insect Bite?", "what to do if a insect bites me?", "Which medicine to take if I get bitten by a insect?", "How to cure insect bite?"],
         "responses": ["1) Wash the affected area with soap and water. Apply a cold compress (such as a flannel or cloth cooled with cold water) or an ice pack to any swelling for at least 10 minutes. Raise or elevate the affected area if possible, as this can help reduce swelling. "],
         "context": [ "" ]
        },

        {"tag": "nose bleed",
         "patterns": ["How do you treat a bleeding nose?", "what to do if i my nose is bleeding?", "Which medicine to take if I get nose bleed?", "How to cure nose bleeding?"],
         "responses": ["1) Wash the affected area with soap and water. Apply a cold compress (such as a flannel or cloth cooled with cold water) or an ice pack to any swelling for at least 10 minutes. Raise or elevate the affected area if possible, as this can help reduce swelling "],
         "context": [ "" ]
        },

        {"tag": "Pulled Muscle",
         "patterns": ["How do you treat a Pulled Muscle?", "what to do if my muscle is pulled?", "Which medicine to take if I got pulled muscle?", "How to cure a pulled muscle?"],
         "responses": ["1) Apply ice for 10 to 15 minutes every 1 hour for the first day and every 3 to 4 hours after that. Use ice for the first 3 days. After 3 days, either heat or ice may be helpful if you still have pain. Rest the pulled muscle for at least a day. "],
         "context": [ "" ]
        },

        {"tag": "Rectal bleeding",
         "patterns": ["How do you treat Rectal Bleeding?", "what to do if i get a Rectal Bleeding?", "Which medicine to take if I get Rectal Bleeding?", "How to cure Rectal Bleeding?"],
         "responses": ["1) For minimal bleeding due to hemorrhoids or rectal fissures, physicians will usually direct home treatment with lots of water, ice packs and possibly over the counter ointments or suppositories to create movement in the bowels or to soften the stool. Emergency treatment might include an IV in the case of dehydration. "],
         "context": [ "" ]
        },

        {"tag": "Sun Burn",
         "patterns": ["How do you treat Sun Burn?", "what to do if i get a Sun Burn?", "Which medicine to take if I get Sun Burn?", "How to cure a Sun Burn?"],
         "responses": ["1) Cool the skin, 2) Drink water to prevent dehydration., 3) Take a pain reliever such as ibuprofen (Advil, Motrin IB, others) to help with the discomfort and swelling of sunburn. "],
         "context": [ "" ]
        },

        {"tag": "Testicle Pain",
         "patterns": ["How do you treat Testicle Pain?", "what to do if i get a Testicle Pain?", "Which medicine to take if I get a Testicle Pain?", "How to cure Testicle Pain?"],
         "responses": ["1) For pain, take over-the-counter medication such as acetaminophen (Tylenol) or ibuprofen (Advil, Motrin). For swelling, apply an ice pack to the scrotum. "],
         "context": [ "" ]
        },

        {"tag": "Vertigo",
         "patterns": ["How do you treat a Vertigo?", "what to do if i get a Vertigo?", "Which medicine to take if I get Vertigo?", "How to cure a Vertigo?"],
         "responses": ["1) Relieve or Prevent Dizziness. Have the person lie down and rest, 2) Keep the Person Safe. Help the person avoid falls, 3) Call a Health Care Provider. Any new signs and symptoms of vertigo should be checked by a health care provider."],
         "context": [ "" ]
        },

        {"tag": "Normal Bleeding",
         "patterns": ["How do you treat bleeding?", "what to do if i get a Bleeding?", "Which medicine to take if I get bleeding?", "How to cure Bleeding?"],
         "responses": ["1) First aid actions to manage external bleeding include applying direct pressure to the wound, maintaining the pressure using pads and bandages, and, raising the injured limb above the level of the heart if possible. "],
         "context": [ "" ]
        },

        {"tag": "Eye Injury",
         "patterns": ["How do you treat an eye Injury?", "what to do if i get a eye Injury?", "Which medicine to take if I injured my eye?", "How to cure injured eye?"],
         "responses": ["1) DO NOT rub the eye, 2)Blink several times and allow tears to flush out the particle, 3) Lift the upper eyelid over the lashes of your lower lid to let the eyelashes try to brush the particle out., 4) Use eyewash, saline solution or running tap water to flush the eye out "],
         "context": [ "" ]
        },

        {"tag": "Chemical Burn",
         "patterns": ["How do you treat a chemical burn?", "what to do if i get a Chemical Burn?", "Which medicine to take if I get burn due to chemicals?", "How to cure Chemical Burn?"],
         "responses": ["1) rinsed with water · Flush the area for at least 20 minutes. · As you flush the area, take off any clothing or jewellery that has the chemical on it ,2) Don't use a strong stream of water, if possible., 3)Don't try to neutralize the burn with acid or alkali. This could cause a chemical reaction that worsens the burn, 4) Don't put antibiotic ointment on the burn. "],
         "context": [ "" ]
        },

        {"tag": "Poison",
         "patterns": ["How do you treat a Poison?", "what to do if i get Poison?", "Which medicine to take if I am poisoned?", "How to cure Poisoning?"],
         "responses": ["1) Get to fresh air right away. Call the toll-free Poison Help line (1-800-222-1222), which connects you to your local poison center, 2) Take off any clothing the poison touched. Rinse skin with running water for 15 to 20 minutes. Call the toll-free Poison Help line (1-800-222-1222), which connects you to your local poison center.,3) If the person swallowed the wrong medicine or too much medicine: Call Poison Help (1-800-222-1222), which connects you to your local poison center.,4) Every poisoning is different. "],
         "context": [ "" ]
        },

        {"tag": "Teeth",
         "patterns": ["How do you treat broken Teeth ?", "what to do if my Teeth got broken?", "Which medicine to take if I get broken teeth?", "cure broken teeth?"],
         "responses": ["1) lick the tooth clean if it's dirty, or rinse it in water. put it back into position (adult teeth only); never try to re-insert a baby tooth (see below) bite on a handkerchief to hold the tooth in place. go to see a dentist as an emergency "],
         "context": [ "" ]
        },

        {"tag": "seizure",
         "patterns": ["How do you treat a seizure?", "what to do if i get a seizure?", "Which medicine to take if I get seizure?", "How to cure seizure?"],
         "responses": ["1) Stay calm and remain with the person, 2) If they have food or fluid in their mouth, roll them onto their side immediately, 3) Place something soft under their head and loosen any tight clothing. "],
         "context": [ "" ]
        },

        {"tag": "Head Injury",
         "patterns": ["How do you treat a head Injury?", "what to do if i get a Head Injury?", "Which medicine to take if I get injured in the head?", "How to cure Head Injury?"],
         "responses": ["1) Apply firm pressure to the wound with sterile gauze or a clean cloth. But don't apply direct pressure to the wound if you suspect a skull fracture. "],
         "context": [ "" ]
        },

        {"tag": "Fainting",
         "patterns": ["How do you treat Faint?", "what to do if i feel like Fainting?", "Which medicine to take if I get a Faint?", "How to cure Fainting?"],
         "responses": ["1) Lie down or sit down. To reduce the chance of fainting again, don't get up too quickly, 2) Place your head between your knees if you sit down, 3)Position the person on his or her back. If there are no injuries and the person is breathing, raise the person's legs above heart level — about 12 inches (30 centimeters) — if possible. Loosen belts, collars or other constrictive clothing. "],
         "context": [ "" ]
        },

        {"tag": "Headache",
         "patterns": ["How do you treat a mild Headache?", "what to do if i get a mild Headache?", "Which medicine to take if I have a mild headache?", "How to cure a mild headache?"],
         "responses": ["Give ibuprofen (Advil, Motrin), aspirin, or acetaminophen (Tylenol) for pain. Avoid ibuprofen and other NSAIDs if the person has heart failure or kidney failure. Do not give aspirin to a child under age 18."],
         "context": [ "" ]
        },

	{"tag": "Cold",
         "patterns": ["How do you treat a Cold?", "what to do if i get a mild Cold?", "Which medicine to take if I have a Cold?", "How to cure Cold?"],
         "responses": ["1)Keeping hydrated is absolutely vital to help 'flush' out the cold, as well as to break down congestion and keep your throat lubricated. 2)Vitamin C is extremely helpful when fighting infection, so at the first sign of a cold be sure to increase your intake by eating plenty of berries, citrus fruits, papayas, broccoli and red peppers which will help keep you protected. 3)When it comes to combating a cold,Vitamin D is essential in helping to regulate immune response."],
         "context": [ "" ]
        },
	
	{"tag": "Rash",
         "patterns": ["How do you treat Rashes?", "what to do if i get a Rash?", "Which medicine to take if I have a Rash?", "How to cure Rash?"],
         "responses": ["1)Olive oil helps in healing and promotes skin renewal given it is packed with vitamin E and antioxidants. It also soothes the skin and reduces itching. 2)Baking soda is useful in drying skin rashes as also in relieving itching and inflammation. 3)Aloe Vera,Thanks to its antibacterial, antifungal, anti-inflammatory and emollient properties, aloe vera is excellent for treating a number of skin ailments including rashes as also soothing the skin."],
         "context": [ "" ]
        },
	
	{"tag": "snake bite",
         "patterns": ["How do you treat a snake bite?", "what to do if i get a snake bite?", "Which medicine to take if I get a snake bite?", "How to cure snake bite?", "i got bit by a snake"],
         "responses": ["While waiting for medical help: 1)Move the person beyond striking distance of the snake. 2)Have the person lie down with wound below the heart. 3)Keep the person calm and at rest, remaining as still as possible to keep venom from spreading. 4)Cover the wound with loose, sterile bandage. 5)Remove any jewelry from the area that was bitten. 6)Remove shoes if the leg or foot was bitten."],
         "context": [ "" ]
        },

	{"tag": "animal bite",
         "patterns": ["How do you treat a animal bite?", "How do you treat a monkey bite?","How do you treat a dog bite?", "what to do if i get a animal bite?", "Which medicine to take if I get a monekey bite?", "How to cure dog bite?", "i got bit by a dog"],
         "responses": ["1)Wash the wound with soap and warm water. 2)Gently press a clean cloth over the wound to stop the flow of blood. 3)Apply an antibacterial ointment to the wound. 4)Cover with a sterile bandage. 5)Watch for signs of infection. 6)Seek help if you suspect infection or possible exposure to rabies, or if the wound is severe."],
         "context": [ "" ]
        },

	{"tag": "Drowning",
         "patterns": ["What to do if someone is Drowning?", "what to do if someone drowned?", "What steps to take if i see a drowning person?", "How to help a drowning person?"],
         "responses": ["1)Place your ear next to the person's mouth and nose. Do you feel air on your cheek? 2)Look to see if the person's chest is moving.If the Person is Not Breathing, Check Pulse. 3)Check the person's pulse for 10 seconds.If There is No Pulse, Start CPR."],
         "context": [ "" ]
        },

    	{"tag": "CPR",
         "patterns": ["How to give CPR??", "what to do in a CPR?", "What steps to take in a CPR??", "How to help a drowning person in CPR?"],
         "responses": ["1)For an adult or child, place the heel of one hand on the center of the chest at the nipple line. You can also push with one hand on top of the other. For an infant, place two fingers on the breastbone. 2)For an adult or child, press down at least 2 inches. Make sure not to press on ribs. For an infant, press down about 1 and 1/2 inches. Make sure not to press on the end of the breastbone. 3)Do chest compressions only, at the rate of 100-120 per minute or more. Let the chest rise completely between pushes. 4)Check to see if the person has started breathing."],
         "context": [ "" ]
        },

	{"tag": "Fracture",
         "patterns": ["How do you treat a Fracture?", "what to do if i get a Fracture?", "Which medicine to take if I have a Fracture?", "How to cure a Fracture?"],
         "responses": ["1)Stop any bleeding. Apply pressure to the wound with a sterile bandage, a clean cloth or a clean piece of clothing. 2)Immobilize the injured area. Don't try to realign the bone or push a bone that's sticking out back in. If you've been trained in how to splint and professional help isn't readily available, apply a splint to the area above and below the fracture sites. Padding the splints can help reduce discomfort. 3)Apply ice packs to limit swelling and help relieve pain. Don't apply ice directly to the skin. Wrap the ice in a towel, piece of cloth or some other material. 4)Treat for shock. If the person feels faint or is breathing in short, rapid breaths, lay the person down with the head slightly lower than the trunk and, if possible, elevate the legs."],
         "context": [ "" ]
        }
  ]
}
                                                                                                                                                                                                                                                     